[
    {
        "disease_id": 1,
        "evidence": "Mukkutti paste mixed with butter is applied on insect stings",
        "plant_id": 2
    },
    {
        "disease_id": 2,
        "evidence": "Kodangal decoction is consumed to reduce menstrual pain",
        "plant_id": 3
    },
    {
        "disease_id": 3,
        "evidence": "Murikootti leaf paste and juice are traditionally applied to heal fresh cuts and wounds",
        "plant_id": 1
    },
    {
        "disease_id": 4,
        "evidence": "Traditionally used to treat spider bites",
        "plant_id": 4
    },
    {
        "disease_id": 5,
        "evidence": "Traditionally used to reduce itching and skin irritation",
        "plant_id": 4
    }
]