[
    {
        "ai_label": "Murikootti_Purple",
        "common_name": "Murikootti_Purple",
        "description": "Murikootti (Strobilanthes alternata), also known as Purple Waffle Plant, Red-flame Ivy, or Metal Leaf Plant, is a low-growing tropical medicinal herb widely used in Kerala as a natural first-aid plant. In Sanskrit it is called Vranaropani, meaning “wound healer.” The plant has dark green leaves with a metallic purple underside and soft creeping stems. It grows well in moist, partially shaded tropical environments and spreads easily by rooting at its nodes. Scientific studies indicate that the plant has antibacterial, anti-inflammatory, and antioxidant properties.",
        "family": "Acanthaceae",
        "id": 1,
        "scientific_name": "Strobilanthes alternata",
        "vernacular_name": " മുറികൂട്ടി "
    },
    {
        "ai_label": "Mukkutti",
        "common_name": "Mukkutti",
        "description": "A small plant with miniature palm-like compound leaves arranged in a rosette. It grows in moist, shaded areas.",
        "family": "Oxalidaceae",
        "id": 2,
        "scientific_name": "Biophytum sensitivum",
        "vernacular_name": " മുക്കുറ്റി"
    },
    {
        "ai_label": "Kodakan",
        "common_name": "Kodakan",
        "description": "A creeping herb with small round to kidney-shaped green leaves and long petioles. It grows close to the ground in moist and marshy areas and spreads easily in shaded environments.",
        "family": "Apiaceae",
        "id": 3,
        "scientific_name": "Centella asiatica",
        "vernacular_name": " കൊടങ്ങൽ "
    },
    {
        "ai_label": "Tulsi",
        "common_name": "Tulsi",
        "description": "A sacred medicinal herb widely grown in households and temples. It has aromatic green or purplish leaves and possesses antimicrobial, anti-inflammatory, adaptogenic, and immunity-boosting properties.",
        "family": "Lamiaceae",
        "id": 4,
        "scientific_name": "Ocimum tenuiflorum",
        "vernacular_name": " തുളസി "
    },
    {
        "ai_label": "Neem",
        "common_name": "Neem",
        "description": "Neem is a fast-growing evergreen tree commonly found across India and tropical regions. It has compound leaves with many narrow, serrated leaflets and small white fragrant flowers. The tree grows well in dry and semi-tropical climates and is highly valued for its resilience and adaptability. Neem has been used for centuries in traditional Indian and Ayurvedic practices and is widely cultivated around homes, farms, and roadsides.",
        "family": "Meliaceae",
        "id": 5,
        "scientific_name": "Azadirachta indica",
        "vernacular_name": "ആര്യവേപ്പ്"
    },
    {
        "ai_label": "Ummam",
        "common_name": "Ummam",
        "description": "Ummam (Datura metel) is a robust shrub with large leaves and trumpet-shaped flowers. It bears spiny fruits and contains powerful toxic alkaloids. It is also known as Devil’s Trumpet, Jimsonweed, and Mad Apple. The plant has cultural and religious importance and is used in traditional medicine only after purification and under expert supervision.",
        "family": "Solanaceae",
        "id": 6,
        "scientific_name": "Datura metel",
        "vernacular_name": "ഉമ്മം"
    }
]