[
    {
        "id": 1,
        "plant_id": 2,
        "use_text": "Used to treat insect stings and skin inflammation"
    },
    {
        "id": 2,
        "plant_id": 3,
        "use_text": "Improves memory and relieves menstrual pain"
    },
    {
        "id": 3,
        "plant_id": 1,
        "use_text": "Strong wound-healing and anti-inflammatory properties"
    },
    {
        "id": 4,
        "plant_id": 4,
        "use_text": "Used to reduce pain, swelling, and infection from insect and spider bites"
    }
]