[
    {
        "filename": "Mukkutti_1.jpg",
        "id": 1,
        "notes": null,
        "plant_id": 2,
        "rel_path": "assets/images/",
        "thumb_filename": null
    },
    {
        "filename": "Murikootti_1.jpg",
        "id": 2,
        "notes": null,
        "plant_id": 1,
        "rel_path": "assets/images/",
        "thumb_filename": null
    },
    {
        "filename": "Murikootti_2.jpg",
        "id": 3,
        "notes": null,
        "plant_id": 1,
        "rel_path": "assets/images/",
        "thumb_filename": null
    },
    {
        "filename": "kodangal_1.jpg",
        "id": 4,
        "notes": null,
        "plant_id": 3,
        "rel_path": "assets/images/",
        "thumb_filename": null
    },
    {
        "filename": "kodangal_2.jpg",
        "id": 5,
        "notes": null,
        "plant_id": 3,
        "rel_path": "assets/images/",
        "thumb_filename": null
    },
    {
        "filename": "Ummam_1.jpg",
        "id": 6,
        "notes": null,
        "plant_id": 6,
        "rel_path": "assets/images/",
        "thumb_filename": null
    },
    {
        "filename": "Ummam_2.jpg",
        "id": 7,
        "notes": null,
        "plant_id": 6,
        "rel_path": "assets/images/",
        "thumb_filename": null
    }
]